checksum,dataset_version,manifest_digest,metric_definition,model,plotted_values,run_id,sample_count,source_checksums,source_kind,source_run_ids,split,suite_id,uncertainty_method,unit,value,ci_high,ci_low,contrast,metric,p_value,p_value_holm
,2.0.0,4272a7a25ebcb324235696ad808544e157a31e3f9c04421da731a08dfb9d5768,Jev evaluation accuracy minus Laya evaluation accuracy,jev_minus_laya,"{""ci_high"":0.19375,""ci_low"":0.08125,""estimate"":0.13749999999999996,""p_value"":4.999750012499375e-05,""p_value_holm"":0.00044997750112494374}",,160,"[""baaf56782282c0b45a1a515c0a188052d55b0fb67245c2ae011344ed1ea82fc7"",""1b40cc74031daf1dea731c33433f91c77c62547596fc2c46ce559ec2f002c58e""]",base,"[""laya-assisted-20260925-5"",""jev-assisted-20260925""]",evaluation,agnews,paired_state_cluster_bootstrap_20000_seed_42,fraction,0.13749999999999996,0.19375,0.08125,jev_minus_laya,delta,4.999750012499375e-05,0.00044997750112494374
,2.0.0,4272a7a25ebcb324235696ad808544e157a31e3f9c04421da731a08dfb9d5768,Jev evaluation accuracy minus Laya evaluation accuracy,jev_minus_laya,"{""ci_high"":0.21875,""ci_low"":0.0625,""estimate"":0.13541666666666663,""p_value"":0.0025498725063746812,""p_value_holm"":0.0050997450127493625}",,96,"[""baaf56782282c0b45a1a515c0a188052d55b0fb67245c2ae011344ed1ea82fc7"",""1b40cc74031daf1dea731c33433f91c77c62547596fc2c46ce559ec2f002c58e""]",base,"[""laya-assisted-20260925-5"",""jev-assisted-20260925""]",evaluation,banking77_12,paired_state_cluster_bootstrap_20000_seed_42,fraction,0.13541666666666663,0.21875,0.0625,jev_minus_laya,delta,0.0025498725063746812,0.0050997450127493625
,2.0.0,4272a7a25ebcb324235696ad808544e157a31e3f9c04421da731a08dfb9d5768,Jev evaluation accuracy minus Laya evaluation accuracy,jev_minus_laya,"{""ci_high"":0.2552083333333333,""ci_low"":0.11979166666666666,""estimate"":0.1875,""p_value"":4.999750012499375e-05,""p_value_holm"":0.00044997750112494374}",,192,"[""baaf56782282c0b45a1a515c0a188052d55b0fb67245c2ae011344ed1ea82fc7"",""1b40cc74031daf1dea731c33433f91c77c62547596fc2c46ce559ec2f002c58e""]",base,"[""laya-assisted-20260925-5"",""jev-assisted-20260925""]",evaluation,emotion,paired_state_cluster_bootstrap_20000_seed_42,fraction,0.1875,0.2552083333333333,0.11979166666666666,jev_minus_laya,delta,4.999750012499375e-05,0.00044997750112494374
,2.0.0,4272a7a25ebcb324235696ad808544e157a31e3f9c04421da731a08dfb9d5768,Jev evaluation accuracy minus Laya evaluation accuracy,jev_minus_laya,"{""ci_high"":0.32291666666666663,""ci_low"":0.15625,""estimate"":0.23958333333333337,""p_value"":4.999750012499375e-05,""p_value_holm"":0.00044997750112494374}",,96,"[""baaf56782282c0b45a1a515c0a188052d55b0fb67245c2ae011344ed1ea82fc7"",""1b40cc74031daf1dea731c33433f91c77c62547596fc2c46ce559ec2f002c58e""]",base,"[""laya-assisted-20260925-5"",""jev-assisted-20260925""]",evaluation,guardrails,paired_state_cluster_bootstrap_20000_seed_42,fraction,0.23958333333333337,0.32291666666666663,0.15625,jev_minus_laya,delta,4.999750012499375e-05,0.00044997750112494374
,2.0.0,4272a7a25ebcb324235696ad808544e157a31e3f9c04421da731a08dfb9d5768,Jev evaluation accuracy minus Laya evaluation accuracy,jev_minus_laya,"{""ci_high"":0.4083333333333333,""ci_low"":0.20833333333333334,""estimate"":0.30833333333333335,""p_value"":4.999750012499375e-05,""p_value_holm"":0.00044997750112494374}",,120,"[""baaf56782282c0b45a1a515c0a188052d55b0fb67245c2ae011344ed1ea82fc7"",""1b40cc74031daf1dea731c33433f91c77c62547596fc2c46ce559ec2f002c58e""]",base,"[""laya-assisted-20260925-5"",""jev-assisted-20260925""]",evaluation,mnli,paired_state_cluster_bootstrap_20000_seed_42,fraction,0.30833333333333335,0.4083333333333333,0.20833333333333334,jev_minus_laya,delta,4.999750012499375e-05,0.00044997750112494374
,2.0.0,4272a7a25ebcb324235696ad808544e157a31e3f9c04421da731a08dfb9d5768,Jev evaluation accuracy minus Laya evaluation accuracy,jev_minus_laya,"{""ci_high"":0.25,""ci_low"":0.125,""estimate"":0.1875,""p_value"":4.999750012499375e-05,""p_value_holm"":0.00044997750112494374}",,144,"[""baaf56782282c0b45a1a515c0a188052d55b0fb67245c2ae011344ed1ea82fc7"",""1b40cc74031daf1dea731c33433f91c77c62547596fc2c46ce559ec2f002c58e""]",base,"[""laya-assisted-20260925-5"",""jev-assisted-20260925""]",evaluation,moderation,paired_state_cluster_bootstrap_20000_seed_42,fraction,0.1875,0.25,0.125,jev_minus_laya,delta,4.999750012499375e-05,0.00044997750112494374
,2.0.0,4272a7a25ebcb324235696ad808544e157a31e3f9c04421da731a08dfb9d5768,Jev evaluation accuracy minus Laya evaluation accuracy,jev_minus_laya,"{""ci_high"":0.6416666666666666,""ci_low"":0.4583333333333333,""estimate"":0.55,""p_value"":4.999750012499375e-05,""p_value_holm"":0.00044997750112494374}",,120,"[""baaf56782282c0b45a1a515c0a188052d55b0fb67245c2ae011344ed1ea82fc7"",""1b40cc74031daf1dea731c33433f91c77c62547596fc2c46ce559ec2f002c58e""]",base,"[""laya-assisted-20260925-5"",""jev-assisted-20260925""]",evaluation,multilingual_intent,paired_state_cluster_bootstrap_20000_seed_42,fraction,0.55,0.6416666666666666,0.4583333333333333,jev_minus_laya,delta,4.999750012499375e-05,0.00044997750112494374
,2.0.0,4272a7a25ebcb324235696ad808544e157a31e3f9c04421da731a08dfb9d5768,Jev evaluation accuracy minus Laya evaluation accuracy,jev_minus_laya,"{""ci_high"":0.425,""ci_low"":0.20833333333333334,""estimate"":0.3166666666666667,""p_value"":4.999750012499375e-05,""p_value_holm"":0.00044997750112494374}",,120,"[""baaf56782282c0b45a1a515c0a188052d55b0fb67245c2ae011344ed1ea82fc7"",""1b40cc74031daf1dea731c33433f91c77c62547596fc2c46ce559ec2f002c58e""]",base,"[""laya-assisted-20260925-5"",""jev-assisted-20260925""]",evaluation,sst5,paired_state_cluster_bootstrap_20000_seed_42,fraction,0.3166666666666667,0.425,0.20833333333333334,jev_minus_laya,delta,4.999750012499375e-05,0.00044997750112494374
,2.0.0,4272a7a25ebcb324235696ad808544e157a31e3f9c04421da731a08dfb9d5768,Jev evaluation accuracy minus Laya evaluation accuracy,jev_minus_laya,"{""ci_high"":0.109375,""ci_low"":0.005208333333333333,""estimate"":0.05729166666666663,""p_value"":0.06269686515674217,""p_value_holm"":0.06269686515674217}",,192,"[""baaf56782282c0b45a1a515c0a188052d55b0fb67245c2ae011344ed1ea82fc7"",""1b40cc74031daf1dea731c33433f91c77c62547596fc2c46ce559ec2f002c58e""]",base,"[""laya-assisted-20260925-5"",""jev-assisted-20260925""]",evaluation,triage,paired_state_cluster_bootstrap_20000_seed_42,fraction,0.05729166666666663,0.109375,0.005208333333333333,jev_minus_laya,delta,0.06269686515674217,0.06269686515674217
